words perturbed,targeted recall,uniform recall
0,0.9924892703862661,0.9924892703862661
1,0.9855150214592274,0.9919527896995708
2,0.9656652360515021,0.9908798283261803
3,0.9388412017167382,0.9887339055793991
5,0.8782188841201717,0.9865879828326181
8,0.7414163090128756,0.9812231759656652
12,0.5772532188841202,0.9790772532188842
20,0.43991416309012876,0.9549356223175965
